"坂本 美玲",hkfp-d-honlr-gmirei847@cxvsqnnlnj.bc.oi,32,女性,038-2501,青森県,西津軽郡深浦町柳田2-6メゾン柳田215,0176978601,2,その他のご感想。,"2016年05月05日 00:31:29"
"平川 美樹",bxyojeetfu-dkmiki21600@jkdah.qd,44,女性,930-2106,富山県,富山市山田北山2-15-18,0763048290,3,その他の感想。,"2016年05月05日 00:58:35"
"西尾 勝哉",zmacvvdu=vcwhkatsuya562@tirmlxsxes.qv,50,男性,879-5421,大分県,由布市庄内町柿原2-11-18,0972883875,3,その他の感想。,"2016年05月05日 01:06:25"
"中井 信幸",nobuyuki_nakai@umbv.kvoy.ro,43,男性,016-0014,秋田県,能代市落合3-13-8落合ハイツ412,0183698051,3,その他、色々な感想。,"2016年05月05日 10:43:04"
"津村 華蓮",mxdudxooebllkaren38604@rlueynmoyv.ofg,37,女性,676-0038,兵庫県,高砂市高砂町栄町2-4-11,0792600810,4,それなりの感想。,"2016年05月05日 10:47:41"
"岩谷 純",jun992@ovxacfhv.vei.qys,55,男性,879-0511,大分県,宇佐市山袋1-10リバーサイド山袋310,0972004780,3,いろんな感想。,"2016年05月05日 15:24:02"
"杉山 莉菜",rina646@eukd.opg.hx,32,女性,636-0072,奈良県,北葛城郡河合町中山台4-7-20ゴールデン中山台215,0744440365,4,それなりの感想。,"2016年05月05日 15:25:47"
"越智 音々",eochi@tpjegkp.yd,33,女性,520-0062,滋賀県,大津市大谷町4-6,0740919993,2,なんやかんやの感想。,"2016年05月05日 15:28:09"
"森 菜々実",Nanami_Mori@gvrpoemxp.gre.ohx,51,女性,639-1136,奈良県,大和郡山市本庄町1-3-17,0744158619,5,適当な感想。,"2016年05月05日 15:29:29"
"河村 梨沙",risa_kawamura@csurynvm.jadek.tkj,23,女性,960-0735,福島県,伊達市梁川町鶴ケ岡3-4,0245861560,1,未入力,"2016年05月05日 15:32:09"
"笠井 俊二",shunji31913@vimyr.ed.ntm,未入力,無回答,未入力-未入力,未選択,未入力,未入力,2,未入力,"2016年05月05日 15:33:19"
